<electricity_consumers xmlns:xs="http://www.w3.org/2001/XMLSchema-instance" 
xs:noNamespaceSchemaLocation="electricityconsumers.xsd">

	<consumerno>1001</consumerno>
	<consumername>Seema Joshi</consumername>
	<emailid>Seema.joshi@gmail.com</emailid>
	<unitsconsumed>250</unitsconsumed>

	<consumerno>1002</consumerno>
	<consumername>Amey Joshi</consumername>
	<emailid>Amey.j@cg.com</emailid>
	<unitsconsumed>345</unitsconsumed>

	<consumerno>1003</consumerno>
	<consumername>Pravin</consumername>
	<emailid>Pravin.t@cg.com</emailid>
	<unitsconsumed>457</unitsconsumed>
	
	<consumerno>1004</consumerno>
	<consumername>Manoj Kulkarni</consumername>
	<emailid>manoj@gmail.com</emailid>
	<unitsconsumed>780</unitsconsumed>

	<consumerno>1005</consumerno>
	<consumername>Shrikant Shinde</consumername>
	<emailid>Shrikant.shinde@gmail.com</emailid>
	<unitsconsumed>90</unitsconsumed>

	<consumerno>1006</consumerno>
	<consumername>Mahesh B</consumername>
	<emailid>bMahesh@yahoo.com</emailid>
	<unitsconsumed>720</unitsconsumed>

</electricity_consumers>